{"steering_wheel_advanced_12_scaleY": 1, "pad_layout_17_xRatio": 0.13197976923076923, "steering_wheel_advanced_12_scaleX": 1, "pad_layout_17_yRatio": 0.43720703703703706, "steering_wheel_advanced_10_scaleX": 1, "alter_layout_8_yRatio": 0.29814814814814816, "steering_wheel_advanced_10_scaleY": 1, "steering_wheel_advanced_14_scaleY": 1, "alter_layout_8_xRatio": 0.92008547008547, "pad_layout_6_yRatio": 0.05616666666666666, "pad_layout_6_xRatio": 0.8604700854700855, "steering_wheel_advanced_13_xRatio": 0.17264957264957265, "steering_wheel_advanced_13_yRatio": 0.2777777777777778, "pad_layout_21_yRatio": 0.2657407407407407, "pad_layout_21_xRatio": 0.23205128205128206, "default_layout_3_xRatio": 0.879059829059829, "default_layout_3_yRatio": 0.2759259259259259, "alter_layout_0_yRatio": 0.1175925925925926, "alter_layout_0_xRatio": 0.025213675213675214, "pad_layout_18_yRatio": 0.44670499999999996, "pad_layout_18_xRatio": 0.7274174358974359, "alter_layout_9_xRatio": 0.7685897435897436, "alter_layout_9_yRatio": 0.24074074074074073, "pad_layout_10_xRatio": 0.41795205128205126, "pad_layout_10_yRatio": 0.4791666666666667, "pad_layout_17_scaleX": 1.5000001, "pad_layout_17_scaleY": 1.5000001, "pad_layout_7_xRatio": 0.36367521367521366, "steering_wheel_advanced_14_yRatio": 0.033002388888888894, "pad_layout_7_yRatio": 0.3912037037037037, "steering_wheel_advanced_14_xRatio": 0.18717948717948718, "alter_layout_10_scaleX": 0.6999999, "alter_layout_10_scaleY": 0.6999999, "pad_layout_22_xRatio": 0.3730769230769231, "pad_layout_22_yRatio": 0.23425925925925925, "pad_layout_13_scaleY": 1, "pad_layout_13_scaleX": 1, "pad_layout_20_scaleX": 1, "pad_layout_20_scaleY": 1, "default_layout_2_yRatio": 0.4703703703703704, "default_layout_2_xRatio": 0.04273587606837607, "steering_wheel_advanced_16_scaleY": 1, "steering_wheel_advanced_16_scaleX": 1, "alter_layout_1_xRatio": 0.02606837606837607, "alter_layout_1_yRatio": 0.28472583333333334, "pad_layout_19_xRatio": 0.46324786324786327, "steering_wheel_advanced_7_scaleX": 1, "pad_layout_19_yRatio": 0.5462962962962963, "alter_layout_0_scaleY": 1, "alter_layout_6_xRatio": 0.8495726495726496, "alter_layout_0_scaleX": 1, "steering_wheel_advanced_7_scaleY": 1, "default_layout_3_scaleX": 1, "alter_layout_1_scaleY": 1, "alter_layout_1_scaleX": 1, "default_layout_0_scaleX": 0.5999999, "alter_layout_6_yRatio": 0.5685185185185185, "default_layout_0_scaleY": 0.5999999, "default_layout_3_scaleY": 1, "default_layout_5_scaleY": 0.79999995, "alter_layout_3_scaleY": 1, "alter_layout_3_scaleX": 1, "pad_layout_11_yRatio": 0.4806812407407408, "pad_layout_11_xRatio": 0.5459725213675214, "pad_layout_1_scaleY": 0.9865477, "alter_layout_6_scaleX": 1, "pad_layout_0_scaleY": 1, "pad_layout_0_scaleX": 1, "pad_layout_1_scaleX": 0.9865477, "pad_layout_4_yRatio": 0.037037037037037035, "alter_layout_8_scaleX": 0.9973577, "pad_layout_4_xRatio": 0.08354700854700854, "default_layout_6_scaleY": 1, "alter_layout_6_scaleY": 1, "alter_layout_9_scaleX": 1, "steering_wheel_advanced_15_xRatio": 0.7493589743589744, "default_layout_6_scaleX": 1, "default_layout_5_scaleX": 0.79999995, "alter_layout_8_scaleY": 0.9973577, "alter_layout_9_scaleY": 1, "steering_wheel_advanced_15_yRatio": 0.07314814814814814, "pad_layout_3_scaleX": 1, "pad_layout_3_scaleY": 1, "pad_layout_6_scaleX": 1, "pad_layout_6_scaleY": 1, "pad_layout_9_scaleY": 1, "pad_layout_9_scaleX": 1, "pad_layout_14_scaleY": 1, "pad_layout_14_scaleX": 1, "steering_wheel_advanced_5_yRatio": 0.03194444444444444, "pad_layout_16_scaleY": 1, "steering_wheel_advanced_5_xRatio": 0.10235042735042735, "default_layout_5_xRatio": 0.3433193162393163, "steering_wheel_advanced_5_scaleY": 1, "steering_wheel_advanced_5_scaleX": 1, "default_layout_5_yRatio": 0.513425925925926, "alter_layout_7_xRatio": 0.92008547008547, "alter_layout_7_yRatio": 0.13518518518518519, "pad_layout_12_xRatio": 0.5995470085470085, "pad_layout_19_scaleX": 0.77623445, "pad_layout_19_scaleY": 0.77623445, "pad_layout_12_yRatio": 0.39537037037037037, "pad_layout_5_xRatio": 0.19589760683760685, "steering_wheel_advanced_16_yRatio": 0.1527777777777778, "pad_layout_5_yRatio": 0.0, "steering_wheel_advanced_16_xRatio": 0.2155982905982906, "pad_layout_11_scaleY": 1, "pad_layout_11_scaleX": 1, "pad_layout_22_scaleX": 1, "pad_layout_22_scaleY": 1, "steering_wheel_advanced_6_yRatio": 0.13518518518518519, "steering_wheel_advanced_6_xRatio": 0.0533616282051282, "default_layout_4_yRatio": 0.4888888888888889, "default_layout_4_xRatio": 0.879059829059829, "steering_wheel_advanced_14_scaleX": 1, "steering_wheel_advanced_2_scaleY": 1.1041187, "steering_wheel_advanced_2_scaleX": 1.1041187, "alter_layout_4_yRatio": 0.5495126203703703, "steering_wheel_advanced_11_scaleX": 1, "steering_wheel_advanced_11_scaleY": 1, "alter_layout_4_xRatio": 0.12500505982905982, "steering_wheel_advanced_13_scaleX": 1, "steering_wheel_advanced_13_scaleY": 1, "pad_layout_13_xRatio": 0.6007948290598291, "pad_layout_13_yRatio": 0.5582555555555556, "pad_layout_2_yRatio": 0.1648148148148148, "pad_layout_2_xRatio": 0.012606837606837607, "steering_wheel_advanced_17_xRatio": 0.7536324786324786, "steering_wheel_advanced_17_yRatio": 0.30416666666666664, "alter_layout_11_scaleX": 1, "alter_layout_11_scaleY": 1, "steering_wheel_advanced_7_yRatio": 0.2352098240740741, "steering_wheel_advanced_7_xRatio": 0.10127067948717948, "pad_layout_21_scaleY": 1, "pad_layout_21_scaleX": 1, "steering_wheel_advanced_19_scaleY": 0.6999999, "steering_wheel_advanced_19_scaleX": 0.6999999, "steering_wheel_advanced_17_scaleY": 1, "steering_wheel_advanced_17_scaleX": 1, "steering_wheel_advanced_15_scaleX": 1, "steering_wheel_advanced_15_scaleY": 1, "default_layout_7_xRatio": 0.12008547008547009, "default_layout_7_yRatio": 0.2726851851851852, "alter_layout_5_xRatio": 0.8491452991452991, "alter_layout_5_yRatio": 0.4074056018518518, "pad_layout_14_yRatio": 0.48009259259259257, "pad_layout_14_xRatio": 0.6525488888888888, "pad_layout_3_xRatio": 0.911965811965812, "steering_wheel_advanced_18_yRatio": 0.6482475925925926, "pad_layout_16_scaleX": 1, "pad_layout_3_yRatio": 0.18796296296296297, "steering_wheel_advanced_18_xRatio": 0.33763564102564103, "steering_wheel_advanced_10_yRatio": 0.1712962962962963, "steering_wheel_advanced_10_xRatio": 0.7995726495726496, "pad_layout_8_scaleX": 1, "pad_layout_8_scaleY": 1, "steering_wheel_advanced_8_yRatio": 0.1319263611111111, "steering_wheel_advanced_8_xRatio": 0.1474593717948718, "steering_wheel_advanced_0_scaleY": 1.0, "steering_wheel_advanced_0_scaleX": 1.0, "steering_wheel_advanced_4_scaleY": 1.1, "steering_wheel_advanced_4_scaleX": 1.1, "alter_layout_10_yRatio": 0.5138888888888888, "alter_layout_10_xRatio": 0.3464770085470086, "default_layout_6_yRatio": 0.2986111111111111, "default_layout_6_xRatio": 0.23739316239316238, "default_layout_1_scaleX": 1, "alter_layout_2_yRatio": 0.23981481481481481, "steering_wheel_advanced_6_scaleX": 1, "steering_wheel_advanced_8_scaleX": 1, "steering_wheel_advanced_6_scaleY": 1, "steering_wheel_advanced_8_scaleY": 1, "steering_wheel_advanced_9_scaleY": 1, "default_layout_2_scaleX": 1, "default_layout_4_scaleX": 1, "alter_layout_2_scaleY": 1, "default_layout_1_scaleY": 1, "default_layout_2_scaleY": 1, "default_layout_4_scaleY": 1, "alter_layout_2_scaleX": 1, "pad_layout_15_xRatio": 0.1564102564102564, "pad_layout_15_yRatio": 0.2657407407407407, "pad_layout_0_yRatio": 0.2962962962962963, "steering_wheel_advanced_0_yRatio": 0.39, "pad_layout_0_xRatio": 0.019017094017094015, "steering_wheel_advanced_0_xRatio": 0.07, "pad_layout_2_scaleY": 1, "steering_wheel_advanced_19_xRatio": 0.5111111111111111, "pad_layout_2_scaleX": 1, "steering_wheel_advanced_19_yRatio": 0.5355555555555556, "default_layout_7_scaleY": 0.6999999, "alter_layout_5_scaleY": 0.9604428, "alter_layout_4_scaleX": 1, "alter_layout_5_scaleX": 0.9604428, "alter_layout_4_scaleY": 1, "alter_layout_7_scaleX": 1, "default_layout_7_scaleX": 0.6999999, "alter_layout_7_scaleY": 1, "pad_layout_8_yRatio": 0.48148148148148145,